Citizen_ID,Occupation
CIT_15383,2
CIT_14830,2
CIT_17388,2
CIT_17438,2
CIT_16735,2
CIT_1606,2
CIT_15825,2
CIT_14437,2
CIT_12069,2
CIT_19450,2
CIT_13517,2
CIT_1493,2
CIT_3035,2
CIT_6356,2
CIT_15980,2
CIT_13090,2
CIT_19100,2
CIT_17214,2
CIT_16615,2
CIT_10877,2
CIT_17673,2
CIT_10917,2
CIT_11662,2
CIT_13548,2
CIT_12970,2
CIT_17721,2
CIT_15255,2
CIT_7227,2
CIT_4014,2
CIT_0020,2
CIT_7253,2
CIT_11796,2
CIT_3707,2
CIT_18010,2
CIT_5088,2
CIT_14705,2
CIT_11715,2
CIT_0214,2
CIT_5454,2
CIT_7904,2
CIT_12204,2
CIT_4440,2
CIT_2542,2
CIT_2698,2
CIT_2216,2
CIT_15103,2
CIT_19619,2
CIT_9084,2
CIT_9555,2
CIT_3097,2
CIT_12773,2
CIT_8646,2
CIT_5102,2
CIT_10653,2
CIT_16080,2
CIT_1037,2
CIT_12297,2
CIT_0503,2
CIT_8208,2
CIT_15974,2
CIT_19105,2
CIT_0475,2
CIT_18235,2
CIT_18619,2
CIT_10003,2
CIT_4442,2
CIT_13000,2
CIT_10581,2
CIT_3734,2
CIT_7142,2
CIT_11352,2
CIT_1136,2
CIT_1923,2
CIT_0960,2
CIT_11429,2
CIT_18707,2
CIT_6211,2
CIT_0770,2
CIT_0679,2
CIT_18914,2
CIT_7399,2
CIT_17254,2
CIT_18341,2
CIT_15119,2
CIT_8397,2
CIT_18713,2
CIT_2225,2
CIT_4172,2
CIT_1170,2
CIT_9169,2
CIT_0153,2
CIT_0073,2
CIT_11844,2
CIT_3436,2
CIT_0919,2
CIT_2446,2
CIT_17065,2
CIT_5052,2
CIT_0800,2
CIT_9967,2
CIT_13057,2
CIT_11728,2
CIT_16342,2
CIT_11569,2
CIT_1051,2
CIT_2152,2
CIT_0156,2
CIT_1083,2
CIT_12058,2
CIT_18888,2
CIT_0959,2
CIT_0008,2
CIT_10855,2
CIT_2978,2
CIT_2222,2
CIT_14069,2
CIT_8717,2
CIT_6996,2
CIT_2169,2
CIT_1817,2
CIT_11859,2
CIT_14821,2
CIT_0576,2
CIT_18629,2
CIT_19623,2
CIT_5078,2
CIT_9264,2
CIT_10512,2
CIT_10907,2
CIT_12226,2
CIT_11524,2
CIT_6659,2
CIT_19382,2
CIT_6400,2
CIT_9890,2
CIT_11494,2
CIT_12214,2
CIT_7820,2
CIT_7076,2
CIT_16988,2
CIT_9198,2
CIT_2470,2
CIT_16139,2
CIT_13942,2
CIT_7795,2
CIT_13442,2
CIT_16311,2
CIT_12992,2
CIT_18654,2
CIT_2591,2
CIT_3624,2
CIT_4439,2
CIT_9760,2
CIT_5744,2
CIT_17862,2
CIT_13682,2
CIT_10764,2
CIT_19398,2
CIT_9482,2
CIT_11702,2
CIT_13072,2
CIT_11165,2
CIT_15113,2
CIT_5417,2
CIT_5622,2
CIT_7993,2
CIT_3519,2
CIT_7036,2
CIT_12213,2
CIT_4408,2
CIT_8035,2
CIT_7572,2
CIT_2565,2
CIT_19056,2
CIT_6012,2
CIT_7826,2
CIT_4971,2
CIT_15324,2
CIT_10932,2
CIT_6755,2
CIT_0655,2
CIT_12184,2
CIT_0996,2
CIT_8533,2
CIT_10356,2
CIT_0302,2
CIT_1965,2
CIT_19490,2
CIT_8093,2
CIT_3181,2
CIT_0699,2
CIT_3268,2
CIT_0115,2
CIT_4240,2
CIT_5569,2
CIT_3079,2
CIT_1319,2
CIT_18351,2
CIT_10035,2
CIT_11234,2
CIT_14405,2
CIT_13536,2
CIT_2299,2
CIT_14618,2
CIT_15126,2
CIT_12228,2
CIT_18740,2
CIT_3165,2
CIT_16580,2
CIT_9431,2
CIT_14015,2
CIT_5079,2
CIT_5429,2
CIT_14622,2
CIT_17450,2
CIT_18612,2
CIT_17054,2
CIT_8289,2
CIT_7703,2
CIT_12308,2
CIT_16141,2
CIT_3098,2
CIT_1572,2
CIT_18664,2
CIT_18231,2
CIT_16536,2
CIT_9819,2
CIT_0129,2
CIT_17641,2
CIT_15927,2
CIT_8470,2
CIT_17173,2
CIT_15607,2
CIT_5649,2
CIT_11969,2
CIT_16933,2
CIT_15267,2
CIT_8923,2
CIT_1920,2
CIT_10517,2
CIT_4111,2
CIT_19404,2
CIT_4550,2
CIT_8062,2
CIT_1482,2
CIT_9116,2
CIT_14195,2
CIT_9564,2
CIT_3858,2
CIT_2522,2
CIT_5563,2
CIT_14005,2
CIT_1281,2
CIT_11761,2
CIT_13802,2
CIT_8444,2
CIT_15377,2
CIT_2223,2
CIT_8033,2
CIT_16422,2
CIT_4372,2
CIT_3378,2
CIT_9424,2
CIT_9170,2
CIT_7577,2
CIT_9100,2
CIT_0040,2
CIT_8791,2
CIT_13917,2
CIT_15432,2
CIT_9805,2
CIT_1230,2
CIT_12328,2
CIT_7079,2
CIT_15596,2
CIT_4496,2
CIT_19231,2
CIT_18951,2
CIT_0899,2
CIT_9741,2
CIT_10173,2
CIT_11268,2
CIT_17317,2
CIT_6756,2
CIT_10610,2
CIT_17595,2
CIT_8119,2
CIT_1540,2
CIT_3567,2
CIT_1868,2
CIT_8946,2
CIT_9841,2
CIT_16082,2
CIT_18376,2
CIT_11365,2
CIT_7258,2
CIT_9607,2
CIT_3503,2
CIT_3683,2
CIT_19682,2
CIT_7504,2
CIT_12032,2
CIT_16980,2
CIT_19637,2
CIT_6415,2
CIT_17168,2
CIT_15781,2
CIT_11769,2
CIT_0360,2
CIT_0548,2
CIT_10747,2
CIT_11832,2
CIT_6378,2
CIT_2366,2
CIT_2562,2
CIT_14865,2
CIT_6057,2
CIT_2350,2
CIT_3411,2
CIT_3744,2
CIT_14737,2
CIT_8421,2
CIT_0262,2
CIT_15207,2
CIT_14788,2
CIT_15746,2
CIT_13037,2
CIT_16828,2
CIT_1993,2
CIT_5943,2
CIT_12404,2
CIT_5996,2
CIT_19472,2
CIT_18796,2
CIT_6829,2
CIT_14264,2
CIT_0914,2
CIT_2288,2
CIT_5938,2
CIT_10381,2
CIT_16480,2
CIT_6509,2
CIT_12474,2
CIT_11432,2
CIT_10761,2
CIT_19627,2
CIT_9029,2
CIT_11311,2
CIT_9324,2
CIT_16362,2
CIT_16018,2
CIT_9036,2
CIT_0106,2
CIT_11036,2
CIT_3409,2
CIT_2284,2
CIT_7543,2
CIT_16360,2
CIT_14307,2
CIT_10438,2
CIT_0190,2
CIT_10775,2
CIT_17842,2
CIT_12010,2
CIT_1841,2
CIT_0936,2
CIT_4155,2
CIT_9518,2
CIT_18943,2
CIT_0072,2
CIT_19639,2
CIT_16370,2
CIT_1552,2
CIT_10694,2
CIT_11236,2
CIT_10380,2
CIT_10831,2
CIT_16668,2
CIT_7306,2
CIT_5453,2
CIT_16134,2
CIT_4708,2
CIT_18295,2
CIT_18928,2
CIT_8616,2
CIT_16899,2
CIT_19023,2
CIT_14611,2
CIT_3697,2
CIT_13687,2
CIT_17884,2
CIT_3069,2
CIT_5225,2
CIT_15876,2
CIT_17670,2
CIT_12719,2
CIT_17465,2
CIT_18128,2
CIT_12866,2
CIT_0164,2
CIT_0185,2
CIT_14884,2
CIT_7275,2
CIT_10028,2
CIT_0781,2
CIT_13421,2
CIT_19057,2
CIT_11112,2
CIT_11907,2
CIT_8979,2
CIT_10779,2
CIT_1525,2
CIT_2485,2
CIT_11891,2
CIT_15622,2
CIT_15393,2
CIT_4835,2
CIT_17357,2
CIT_13542,2
CIT_10040,2
CIT_0932,2
CIT_19462,2
CIT_16425,2
CIT_15626,2
CIT_10915,2
CIT_3081,2
CIT_7702,2
CIT_4116,2
CIT_12306,2
CIT_1539,2
CIT_14658,2
CIT_15239,2
CIT_13155,2
CIT_7044,2
CIT_7481,2
CIT_1731,2
CIT_6449,2
CIT_16692,2
CIT_8864,2
CIT_11881,2
CIT_5561,2
CIT_5178,2
CIT_2869,2
CIT_16490,2
CIT_10683,2
CIT_10298,2
CIT_4154,2
CIT_7592,2
CIT_8141,2
CIT_18098,2
CIT_7094,2
CIT_8571,2
CIT_0375,2
CIT_7948,2
CIT_10080,2
CIT_13088,2
CIT_1751,2
CIT_18023,2
CIT_14751,2
CIT_11131,2
CIT_9240,2
CIT_16463,2
CIT_17813,2
CIT_0645,2
CIT_9736,2
CIT_7554,2
CIT_3340,2
CIT_13672,2
CIT_16398,2
CIT_9563,2
CIT_2577,2
CIT_0696,2
CIT_8742,2
CIT_10503,2
CIT_2638,2
CIT_8146,2
CIT_10573,2
CIT_19137,2
CIT_8841,2
CIT_15748,2
CIT_6437,2
CIT_14418,2
CIT_16452,2
CIT_4085,2
CIT_14376,2
CIT_1766,2
CIT_11875,2
CIT_6678,2
CIT_9474,2
CIT_18537,2
CIT_9151,2
CIT_10307,2
CIT_19004,2
CIT_5877,2
CIT_1747,2
CIT_19600,2
CIT_5784,2
CIT_19344,2
CIT_16435,2
CIT_13665,2
CIT_19453,2
CIT_14605,2
CIT_11747,2
CIT_6455,2
CIT_9232,2
CIT_16694,2
CIT_15588,2
CIT_3589,2
CIT_4255,2
CIT_11007,2
CIT_10214,2
CIT_4367,2
CIT_19385,2
CIT_8012,2
CIT_14513,2
CIT_1306,2
CIT_11331,2
CIT_6481,2
CIT_4953,2
CIT_15496,2
CIT_12729,2
CIT_14276,2
CIT_16110,2
CIT_2172,2
CIT_0501,2
CIT_13143,2
CIT_4201,2
CIT_0056,2
CIT_12140,2
CIT_15362,2
CIT_11430,2
CIT_3432,2
CIT_10606,2
CIT_10900,2
CIT_0834,2
CIT_15673,2
CIT_9458,2
CIT_16650,2
CIT_18822,2
CIT_5593,2
CIT_8007,2
CIT_13384,2
CIT_18502,2
CIT_8213,2
CIT_11508,2
CIT_9057,2
CIT_16163,2
CIT_18288,2
CIT_1635,2
CIT_1151,2
CIT_1566,2
CIT_13450,2
CIT_5029,2
CIT_2680,2
CIT_5654,2
CIT_11744,2
CIT_3150,2
CIT_18176,2
CIT_10233,2
CIT_19188,2
CIT_1109,2
CIT_6241,2
CIT_17849,2
CIT_8637,2
CIT_4315,2
CIT_11732,2
CIT_17464,2
CIT_8295,2
CIT_7212,2
CIT_6295,2
CIT_17047,2
CIT_16307,2
CIT_11545,2
CIT_17276,2
CIT_10965,2
CIT_6781,2
CIT_12492,2
CIT_4888,2
CIT_18374,2
CIT_15401,2
CIT_19135,2
CIT_11396,2
CIT_8231,2
CIT_18479,2
CIT_6081,2
CIT_7294,2
CIT_0978,2
CIT_9710,2
CIT_14857,2
CIT_0507,2
CIT_11142,2
CIT_0144,2
CIT_0579,2
CIT_12573,2
CIT_19222,2
CIT_15307,2
CIT_0917,2
CIT_1730,2
CIT_12623,2
CIT_7746,2
CIT_17703,2
CIT_2379,2
CIT_8466,2
CIT_10022,2
CIT_8394,2
CIT_10365,2
CIT_8634,2
CIT_13168,2
CIT_11940,2
CIT_11941,2
CIT_9833,2
CIT_9586,2
CIT_19338,2
CIT_16792,2
CIT_14248,2
CIT_13122,2
CIT_16675,2
CIT_18436,2
CIT_15608,2
CIT_16486,2
CIT_4640,2
CIT_13638,2
CIT_12554,2
CIT_14351,2
CIT_10498,2
CIT_17804,2
CIT_13310,2
CIT_8789,2
CIT_2218,2
CIT_13575,2
CIT_5084,2
CIT_15827,2
CIT_13476,2
CIT_7837,2
CIT_16048,2
CIT_5711,2
CIT_10331,2
CIT_3203,2
CIT_10312,2
CIT_8996,2
CIT_2154,2
CIT_18320,2
CIT_13261,2
CIT_12075,2
CIT_2747,2
CIT_9046,2
CIT_12468,2
CIT_19390,2
CIT_17082,2
CIT_11824,2
CIT_4056,2
CIT_18385,2
CIT_17549,2
CIT_16095,2
CIT_2208,2
CIT_11050,2
CIT_8338,2
CIT_13124,2
CIT_3900,2
CIT_5721,2
CIT_13837,2
CIT_9522,2
CIT_7197,2
CIT_11374,2
CIT_7661,2
CIT_12757,2
CIT_13887,2
CIT_13197,2
CIT_6313,2
CIT_11246,2
CIT_19062,2
CIT_9917,2
CIT_9866,2
CIT_13558,2
CIT_17396,2
CIT_3224,2
CIT_14876,2
CIT_19609,2
CIT_0140,2
CIT_9672,2
CIT_17041,2
CIT_2374,2
CIT_7172,2
CIT_13397,2
CIT_8239,2
CIT_17324,2
CIT_8300,2
CIT_7836,2
CIT_1538,2
CIT_7849,2
CIT_6439,2
CIT_16981,2
CIT_4805,2
CIT_1660,2
CIT_15286,2
CIT_8327,2
CIT_16925,2
CIT_5683,2
CIT_6367,2
CIT_2227,2
CIT_15086,2
CIT_18961,2
CIT_19167,2
CIT_19207,2
CIT_3896,2
CIT_16843,2
CIT_10708,2
CIT_13904,2
CIT_13950,2
CIT_17551,2
CIT_4120,2
CIT_4530,2
CIT_3285,2
CIT_17980,2
CIT_14527,2
CIT_11641,2
CIT_10909,2
CIT_19495,2
CIT_10313,2
CIT_12205,2
CIT_19145,2
CIT_10681,2
CIT_15197,2
CIT_18287,2
CIT_7450,2
CIT_13659,2
CIT_10859,2
CIT_9895,2
CIT_19364,2
CIT_16604,2
CIT_10443,2
CIT_2723,2
CIT_14870,2
CIT_16102,2
CIT_17753,2
CIT_12446,2
CIT_0240,2
CIT_12085,2
CIT_14931,2
CIT_17940,2
CIT_16273,2
CIT_16939,2
CIT_16044,2
CIT_4554,2
CIT_2599,2
CIT_15085,2
CIT_0222,2
CIT_13127,2
CIT_11551,2
CIT_14494,2
CIT_5312,2
CIT_3497,2
CIT_18271,2
CIT_13487,2
CIT_0590,2
CIT_6070,2
CIT_19667,2
CIT_1430,2
CIT_14909,2
CIT_5023,2
CIT_8465,2
CIT_17159,2
CIT_4777,2
CIT_7509,2
CIT_13929,2
CIT_13346,2
CIT_6020,2
CIT_8102,2
CIT_13216,2
CIT_15952,2
CIT_16012,2
CIT_8662,2
CIT_11169,2
CIT_7002,2
CIT_1884,2
CIT_14470,2
CIT_19008,2
CIT_12556,2
CIT_17059,2
CIT_14440,2
CIT_11439,2
CIT_14152,2
CIT_9420,2
CIT_5900,2
CIT_8640,2
CIT_13093,2
CIT_12877,2
CIT_0706,2
CIT_7030,2
CIT_19580,2
CIT_16182,2
CIT_17181,2
CIT_8739,2
CIT_19510,2
CIT_17531,2
CIT_14064,2
CIT_9764,2
CIT_7324,2
CIT_0750,2
CIT_2643,2
CIT_16263,2
CIT_3187,2
CIT_17360,2
CIT_5081,2
CIT_10519,2
CIT_10719,2
CIT_1428,2
CIT_11239,2
CIT_7911,2
CIT_1127,2
CIT_5289,2
CIT_14700,2
CIT_8506,2
CIT_9284,2
CIT_11341,2
CIT_2150,2
CIT_6238,2
CIT_6462,2
CIT_11470,2
CIT_8441,2
CIT_2860,2
CIT_1011,2
CIT_4237,2
CIT_0128,2
CIT_6029,2
CIT_17859,2
CIT_9127,2
CIT_2633,2
CIT_12237,2
CIT_4453,2
CIT_7408,2
CIT_19650,2
CIT_4773,2
CIT_12979,2
CIT_14701,2
CIT_5594,2
CIT_3415,2
CIT_15613,2
CIT_13481,2
CIT_6408,2
CIT_10791,2
CIT_10335,2
CIT_16168,2
CIT_1365,2
CIT_6318,2
CIT_4069,2
CIT_1684,2
CIT_18406,2
CIT_12883,2
CIT_6554,2
CIT_12148,2
CIT_5027,2
CIT_18540,2
CIT_12723,2
CIT_17477,2
CIT_18642,2
CIT_14609,2
CIT_15787,2
CIT_7485,2
CIT_12030,2
CIT_18860,2
CIT_11454,2
CIT_12314,2
CIT_14261,2
CIT_4825,2
CIT_3815,2
CIT_5181,2
CIT_8077,2
CIT_16764,2
CIT_18644,2
CIT_12675,2
CIT_19065,2
CIT_19117,2
CIT_10832,2
CIT_14805,2
CIT_8292,2
CIT_7031,2
CIT_3762,2
CIT_11595,2
CIT_9762,2
CIT_16751,2
CIT_3350,2
CIT_16359,2
CIT_2058,2
CIT_1634,2
CIT_13317,2
CIT_2658,2
CIT_15331,2
CIT_19067,2
CIT_8206,2
CIT_5827,2
CIT_17470,2
CIT_8427,2
CIT_8056,2
CIT_2059,2
CIT_11856,2
CIT_6900,2
CIT_3065,2
CIT_9125,2
CIT_1254,2
CIT_1391,2
CIT_2778,2
CIT_3197,2
CIT_2808,2
CIT_19616,2
CIT_5990,2
CIT_0124,2
CIT_0417,2
CIT_1122,2
CIT_0970,2
CIT_6037,2
CIT_7581,2
CIT_19408,2
CIT_4468,2
CIT_18666,2
CIT_11136,2
CIT_19220,2
CIT_14299,2
CIT_2539,2
CIT_9436,2
CIT_15661,2
CIT_18420,2
CIT_15597,2
CIT_15676,2
CIT_3324,2
CIT_8395,2
CIT_3702,2
CIT_1196,2
CIT_3996,2
CIT_2726,2
CIT_7564,2
CIT_1025,2
CIT_3605,2
CIT_3237,2
CIT_0717,2
CIT_16507,2
CIT_6488,2
CIT_14398,2
CIT_9451,2
CIT_19160,2
CIT_2886,2
CIT_12321,2
CIT_10643,2
CIT_16427,2
CIT_2387,2
CIT_19268,2
CIT_17541,2
CIT_18072,2
CIT_19036,2
CIT_6325,2
CIT_1784,2
CIT_9121,2
CIT_14927,2
CIT_5500,2
CIT_15555,2
CIT_6249,2
CIT_4410,2
CIT_4305,2
CIT_4915,2
CIT_18939,2
CIT_4756,2
CIT_8559,2
CIT_1707,2
CIT_5878,2
CIT_15313,2
CIT_3960,2
CIT_16397,2
CIT_2369,2
CIT_0621,2
CIT_4218,2
CIT_12553,2
CIT_12907,2
CIT_16584,2
CIT_2992,2
CIT_3451,2
CIT_9040,2
CIT_12451,2
CIT_13490,2
CIT_0769,2
CIT_10727,2
CIT_14173,2
CIT_13242,2
CIT_15568,2
CIT_3333,2
CIT_12593,2
CIT_17836,2
CIT_7894,2
CIT_12179,2
CIT_8065,2
CIT_0308,2
CIT_17543,2
CIT_5599,2
CIT_10566,2
CIT_3748,2
CIT_11084,2
CIT_12562,2
CIT_1798,2
CIT_13180,2
CIT_11787,2
CIT_3620,2
CIT_3818,2
CIT_5927,2
CIT_17445,2
CIT_13483,2
CIT_0676,2
CIT_11631,2
CIT_12559,2
CIT_4459,2
CIT_0445,2
CIT_17508,2
CIT_18357,2
CIT_6670,2
CIT_16644,2
CIT_4857,2
CIT_11060,2
CIT_4801,2
CIT_15955,2
CIT_18924,2
CIT_3252,2
CIT_11004,2
CIT_16783,2
CIT_5588,2
CIT_7960,2
CIT_4353,2
CIT_17902,2
CIT_7750,2
CIT_7188,2
CIT_4674,2
CIT_13409,2
CIT_2731,2
CIT_1915,2
CIT_10856,2
CIT_4317,2
CIT_14571,2
CIT_2209,2
CIT_4466,2
CIT_13221,2
CIT_2038,2
CIT_19011,2
CIT_13635,2
CIT_18985,2
CIT_14650,2
CIT_15970,2
CIT_4243,2
CIT_7677,2
CIT_17139,2
CIT_3635,2
CIT_2918,2
CIT_9382,2
CIT_17385,2
CIT_16471,2
CIT_18643,2
CIT_5322,2
CIT_18444,2
CIT_11465,2
CIT_6276,2
CIT_12904,2
CIT_2587,2
CIT_19504,2
CIT_4787,2
CIT_12569,2
CIT_17140,2
CIT_16624,2
CIT_5200,2
CIT_6232,2
CIT_5283,2
CIT_6418,2
CIT_10808,2
CIT_6059,2
CIT_3134,2
CIT_19570,2
CIT_0971,2
CIT_2979,2
CIT_11790,2
CIT_2027,2
CIT_5993,2
CIT_5134,2
CIT_2224,2
CIT_13759,2
CIT_15602,2
CIT_7817,2
CIT_17197,2
CIT_15771,2
CIT_10569,2
CIT_5729,2
CIT_2398,2
CIT_4064,2
CIT_14086,2
CIT_17883,2
CIT_1522,2
CIT_2548,2
CIT_4995,2
CIT_9957,2
CIT_16081,2
CIT_1457,2
CIT_0249,2
CIT_1134,2
CIT_3124,2
CIT_2756,2
CIT_2965,2
CIT_18955,2
CIT_16715,2
CIT_18891,2
CIT_1206,2
CIT_11510,2
CIT_1613,2
CIT_7777,2
CIT_8233,2
CIT_9267,2
CIT_3863,2
CIT_0524,2
CIT_18880,2
CIT_9074,2
CIT_1535,2
CIT_7511,2
CIT_12679,2
CIT_8513,2
CIT_18752,2
CIT_2912,2
CIT_12822,2
CIT_18681,2
CIT_14456,2
CIT_16718,2
CIT_9920,2
CIT_6297,2
CIT_10654,2
CIT_2559,2
CIT_3117,2
CIT_6438,2
CIT_1781,2
CIT_16508,2
CIT_1272,2
CIT_18806,2
CIT_19438,2
CIT_17161,2
CIT_18571,2
CIT_6042,2
CIT_3094,2
CIT_5801,2
CIT_8494,2
CIT_7205,2
CIT_1327,2
CIT_4205,2
CIT_1827,2
CIT_0836,2
CIT_0082,2
CIT_17770,2
CIT_9113,2
CIT_19016,2
CIT_12241,2
CIT_5246,2
CIT_4714,2
CIT_2170,2
CIT_18736,2
CIT_0337,2
CIT_14562,2
CIT_4133,2
CIT_2163,2
CIT_12688,2
CIT_7054,2
CIT_1029,2
CIT_0138,2
CIT_1070,2
CIT_12794,2
CIT_13043,2
CIT_4000,2
CIT_18191,2
CIT_9466,2
CIT_15341,2
CIT_6618,2
CIT_18689,2
CIT_15912,2
CIT_18429,2
CIT_8671,2
CIT_16123,2
CIT_7858,2
CIT_9981,2
CIT_12693,2
CIT_4877,2
CIT_16874,2
CIT_2774,2
CIT_16945,2
CIT_2861,2
CIT_12369,2
CIT_4033,2
CIT_0301,2
CIT_17827,2
CIT_12762,2
CIT_16768,2
CIT_9848,2
CIT_4276,2
CIT_18234,2
CIT_12317,2
CIT_13190,2
CIT_13455,2
CIT_14547,2
CIT_2315,2
CIT_18390,2
CIT_16291,2
CIT_2803,2
CIT_1991,2
CIT_16971,2
CIT_4515,2
CIT_10296,2
CIT_0109,2
CIT_14965,2
CIT_1464,2
CIT_9690,2
CIT_0686,2
CIT_12650,2
CIT_9585,2
CIT_14930,2
CIT_10833,2
CIT_3408,2
CIT_11533,2
CIT_11653,2
CIT_18395,2
CIT_7289,2
CIT_10669,2
CIT_2092,2
CIT_16277,2
CIT_17448,2
CIT_3234,2
CIT_11486,2
CIT_9727,2
CIT_15023,2
CIT_16923,2
CIT_1837,2
CIT_5456,2
CIT_0093,2
CIT_15531,2
CIT_7668,2
CIT_0864,2
CIT_7999,2
CIT_12665,2
CIT_18695,2
CIT_7360,2
CIT_9102,2
CIT_3741,2
CIT_0062,2
CIT_4176,2
CIT_5406,2
CIT_6581,2
CIT_6489,2
CIT_7751,2
CIT_12499,2
CIT_9068,2
CIT_9485,2
CIT_3051,2
CIT_3646,2
CIT_11766,2
CIT_16129,2
CIT_15864,2
CIT_9526,2
CIT_11514,2
CIT_2592,2
CIT_14424,2
CIT_6108,2
CIT_8165,2
CIT_9211,2
CIT_4821,2
CIT_9998,2
CIT_12635,2
CIT_12234,2
CIT_6676,2
CIT_11800,2
CIT_17373,2
CIT_3213,2
CIT_11235,2
CIT_0345,2
CIT_13652,2
CIT_11175,2
CIT_10267,2
CIT_12931,2
CIT_0236,2
CIT_13135,2
CIT_13025,2
CIT_12154,2
CIT_12107,2
CIT_12532,2
CIT_14908,2
CIT_1394,2
CIT_18887,2
CIT_11264,2
CIT_6016,2
CIT_2447,2
CIT_15856,2
CIT_17712,2
CIT_6731,2
CIT_10515,2
CIT_15924,2
CIT_6330,2
CIT_19638,2
CIT_18785,2
CIT_6801,2
CIT_8913,2
CIT_12409,2
CIT_16924,2
CIT_15142,2
CIT_8931,2
CIT_18309,2
CIT_12733,2
CIT_16734,2
CIT_14141,2
CIT_4565,2
CIT_18893,2
CIT_10465,2
CIT_11992,2
CIT_11955,2
CIT_15091,2
CIT_1223,2
CIT_16434,2
CIT_12517,2
CIT_8941,2
CIT_9661,2
CIT_16226,2
CIT_15735,2
CIT_11003,2
CIT_16862,2
CIT_4464,2
CIT_12209,2
CIT_12119,2
CIT_13308,2
CIT_0894,2
CIT_0477,2
CIT_9135,2
CIT_5425,2
CIT_14741,2
CIT_9606,2
CIT_7632,2
CIT_8896,2
CIT_13023,2
CIT_6078,2
CIT_1860,2
CIT_9185,2
CIT_5812,2
CIT_18069,2
CIT_7578,2
CIT_5766,2
CIT_17502,2
CIT_17590,2
CIT_6490,2
CIT_5426,2
CIT_4164,2
CIT_4302,2
CIT_19644,2
CIT_6812,2
CIT_5205,2
CIT_0572,2
CIT_12126,2
CIT_11305,2
CIT_2355,2
CIT_17730,2
CIT_5530,2
CIT_4504,2
CIT_13847,2
CIT_17617,2
CIT_0336,2
CIT_0886,2
CIT_4301,2
CIT_8017,2
CIT_19162,2
CIT_3953,2
CIT_0402,2
CIT_18998,2
CIT_15029,2
CIT_5535,2
CIT_3889,2
CIT_3376,2
CIT_7647,2
CIT_7879,2
CIT_7029,2
CIT_14108,2
CIT_7016,2
CIT_17135,2
CIT_14730,2
CIT_7135,2
CIT_10352,2
CIT_5852,2
CIT_14569,2
CIT_16856,2
CIT_8082,2
CIT_6272,2
CIT_11324,2
CIT_4954,2
CIT_13626,2
CIT_4242,2
CIT_9671,2
CIT_17378,2
CIT_14923,2
CIT_3920,2
CIT_10113,2
CIT_2107,2
CIT_14177,2
CIT_15234,2
CIT_9270,2
CIT_1765,2
CIT_1865,2
CIT_13514,2
CIT_1573,2
CIT_18055,2
CIT_8252,2
CIT_9660,2
CIT_14714,2
CIT_2535,2
CIT_19492,2
CIT_10158,2
CIT_10767,2
CIT_13712,2
CIT_18125,2
CIT_3507,2
CIT_8038,2
CIT_14735,2
CIT_1621,2
CIT_7305,2
CIT_17334,2
CIT_2575,2
CIT_3322,2
CIT_9376,2
CIT_0728,2
CIT_10346,2
CIT_13257,2
CIT_15292,2
CIT_12520,2
CIT_10310,2
CIT_11480,2
CIT_13919,2
CIT_10884,2
CIT_3458,2
CIT_12823,2
CIT_16261,2
CIT_19643,2
CIT_3222,2
CIT_6453,2
CIT_1890,2
CIT_9263,2
CIT_15288,2
CIT_7958,2
CIT_8588,2
CIT_2578,2
CIT_17886,2
CIT_13166,2
CIT_3221,2
CIT_9130,2
CIT_17801,2
CIT_16179,2
CIT_4032,2
CIT_1191,2
CIT_9910,2
CIT_12698,2
CIT_12454,2
CIT_16785,2
CIT_17755,2
CIT_4329,2
CIT_0707,2
CIT_11970,2
CIT_18909,2
CIT_17315,2
CIT_17788,2
CIT_4716,2
CIT_6431,2
CIT_10986,2
CIT_9274,2
CIT_7387,2
CIT_15306,2
CIT_6383,2
CIT_4804,2
CIT_15430,2
CIT_14952,2
CIT_11153,2
CIT_10871,2
CIT_7838,2
CIT_1165,2
CIT_5780,2
CIT_13314,2
CIT_4208,2
CIT_8106,2
CIT_19246,2
CIT_6248,2
CIT_15556,2
CIT_16847,2
CIT_3736,2
CIT_5818,2
CIT_13783,2
CIT_11146,2
CIT_4746,2
CIT_6413,2
CIT_17337,2
CIT_15845,2
CIT_7871,2
CIT_11700,2
CIT_10339,2
CIT_10599,2
CIT_4631,2
CIT_16365,2
CIT_0757,2
CIT_14411,2
CIT_18626,2
CIT_0162,2
CIT_4018,2
CIT_1738,2
CIT_2212,2
CIT_15921,2
CIT_11118,2
CIT_13733,2
CIT_3671,2
CIT_0792,2
CIT_4823,2
CIT_2061,2
CIT_5800,2
CIT_19548,2
CIT_0562,2
CIT_7872,2
CIT_9621,2
CIT_6706,2
CIT_2102,2
CIT_3050,2
CIT_7833,2
CIT_14090,2
CIT_17651,2
CIT_6384,2
CIT_3781,2
CIT_12538,2
CIT_8733,2
CIT_9022,2
CIT_15714,2
CIT_2314,2
CIT_12034,2
CIT_18997,2
CIT_9629,2
CIT_11606,2
CIT_12060,2
CIT_15687,2
CIT_1425,2
CIT_1523,2
CIT_4310,2
CIT_6405,2
CIT_15780,2
CIT_16214,2
CIT_18530,2
CIT_7929,2
CIT_3952,2
CIT_17050,2
CIT_0859,2
CIT_19099,2
CIT_15045,2
CIT_4602,2
CIT_12419,2
CIT_4924,2
CIT_2400,2
CIT_10766,2
CIT_16384,2
CIT_13944,2
CIT_16989,2
CIT_6219,2
CIT_12943,2
CIT_17141,2
CIT_9894,2
CIT_6574,2
CIT_12087,2
CIT_17339,2
CIT_11023,2
CIT_15786,2
CIT_14710,2
CIT_15725,2
CIT_7127,2
CIT_14459,2
CIT_15148,2
CIT_5928,2
CIT_18970,2
CIT_7556,2
CIT_12927,2
CIT_15698,2
CIT_3016,2
CIT_12546,2
CIT_9273,2
CIT_14722,2
CIT_19449,2
CIT_10862,2
CIT_8542,2
CIT_17858,2
CIT_3627,2
CIT_14841,2
CIT_16709,2
CIT_1637,2
CIT_8944,2
CIT_18485,2
CIT_15533,2
CIT_8953,2
CIT_4837,2
CIT_8890,2
CIT_1227,2
CIT_18106,2
CIT_9987,2
CIT_6587,2
CIT_4341,2
CIT_18812,2
CIT_7472,2
CIT_18342,2
CIT_13901,2
CIT_4366,2
CIT_11926,2
CIT_2279,2
CIT_14587,2
CIT_7011,2
CIT_12961,2
CIT_9592,2
CIT_10105,2
CIT_19680,2
CIT_16852,2
CIT_9728,2
CIT_7203,2
CIT_0098,2
CIT_18677,2
CIT_11101,2
CIT_11703,2
CIT_14228,2
CIT_3511,2
CIT_8668,2
CIT_13399,2
CIT_9688,2
CIT_1639,2
CIT_6636,2
CIT_10692,2
CIT_11171,2
CIT_4891,2
CIT_2483,2
CIT_5822,2
CIT_11562,2
CIT_6101,2
CIT_10357,2
CIT_3256,2
CIT_12836,2
CIT_18138,2
CIT_13130,2
CIT_16121,2
CIT_3157,2
CIT_12290,2
CIT_12657,2
CIT_19219,2
CIT_11478,2
CIT_13843,2
CIT_2964,2
CIT_19043,2
CIT_18708,2
CIT_13247,2
CIT_15542,2
CIT_4038,2
CIT_13245,2
CIT_16816,2
CIT_0602,2
CIT_11031,2
CIT_12960,2
CIT_18661,2
CIT_0782,2
CIT_2338,2
CIT_1383,2
CIT_15105,2
CIT_3388,2
CIT_8016,2
CIT_11404,2
CIT_0346,2
CIT_18691,2
CIT_6759,2
CIT_9691,2
CIT_19131,2
CIT_4689,2
CIT_6041,2
CIT_19531,2
CIT_6346,2
CIT_17368,2
CIT_12483,2
CIT_1654,2
CIT_14584,2
CIT_10475,2
CIT_1824,2
CIT_12145,2
CIT_1698,2
CIT_2730,2
CIT_0693,2
CIT_15569,2
CIT_13827,2
CIT_17927,2
CIT_13382,2
CIT_6987,2
CIT_3342,2
CIT_8124,2
CIT_14023,2
CIT_0212,2
CIT_9043,2
CIT_9794,2
CIT_15888,2
CIT_11292,2
CIT_13128,2
CIT_19239,2
CIT_9825,2
CIT_4901,2
CIT_2096,2
CIT_15538,2
CIT_4101,2
CIT_18272,2
CIT_10015,2
CIT_4721,2
CIT_8943,2
CIT_7405,2
CIT_18269,2
CIT_1695,2
CIT_6980,2
CIT_14693,2
CIT_3881,2
CIT_18901,2
CIT_10104,2
CIT_7304,2
CIT_14783,2
CIT_5016,2
CIT_10282,2
CIT_18281,2
CIT_15285,2
CIT_5626,2
CIT_0088,2
CIT_11948,2
CIT_11455,2
CIT_17599,2
CIT_1794,2
CIT_3650,2
CIT_6866,2
CIT_15897,2
CIT_8743,2
CIT_5642,2
CIT_3599,2
CIT_7229,2
CIT_11394,2
CIT_9859,2
CIT_2034,2
CIT_17826,2
CIT_12810,2
CIT_2411,2
CIT_18864,2
CIT_8735,2
CIT_14967,2
CIT_16669,2
CIT_0200,2
CIT_15312,2
CIT_16316,2
CIT_3586,2
CIT_17431,2
CIT_5589,2
CIT_13618,2
CIT_10007,2
CIT_15587,2
CIT_9709,2
CIT_17406,2
CIT_18389,2
CIT_16439,2
CIT_13922,2
CIT_6080,2
CIT_17926,2
CIT_3991,2
CIT_6785,2
CIT_10841,2
CIT_16254,2
CIT_13996,2
CIT_4572,2
CIT_2104,2
CIT_6359,2
CIT_12851,2
CIT_4547,2
CIT_1830,2
CIT_15391,2
CIT_12798,2
CIT_6064,2
CIT_1953,2
CIT_19154,2
CIT_2368,2
CIT_5031,2
CIT_1449,2
CIT_18273,2
CIT_0344,2
CIT_12220,2
CIT_15997,2
CIT_1232,2
CIT_13868,2
CIT_3731,2
CIT_9475,2
CIT_8837,2
CIT_9413,2
CIT_1453,2
CIT_19280,2
CIT_14928,2
CIT_5560,2
CIT_11315,2
CIT_15370,2
CIT_1564,2
CIT_5997,2
CIT_13648,2
CIT_12906,2
CIT_13602,2
CIT_5074,2
CIT_14329,2
CIT_11348,2
CIT_7200,2
CIT_9650,2
CIT_6403,2
CIT_14201,2
CIT_10962,2
CIT_4283,2
CIT_8073,2
CIT_0671,2
CIT_17085,2
CIT_9885,2
CIT_7977,2
CIT_11845,2
CIT_19454,2
CIT_3922,2
CIT_6893,2
CIT_5149,2
CIT_3910,2
CIT_14686,2
CIT_18033,2
CIT_0712,2
CIT_0964,2
CIT_3729,2
CIT_0416,2
CIT_3004,2
CIT_15572,2
CIT_3630,2
CIT_15034,2
CIT_4216,2
CIT_18624,2
CIT_6948,2
CIT_11505,2
CIT_14791,2
CIT_15171,2
CIT_19489,2
CIT_9596,2
CIT_16346,2
CIT_19544,2
CIT_9409,2
CIT_16919,2
CIT_6273,2
CIT_18700,2
CIT_11412,2
CIT_1937,2
CIT_7295,2
CIT_16245,2
CIT_5477,2
CIT_11450,2
CIT_19636,2
CIT_17594,2
CIT_2290,2
CIT_14100,2
CIT_10085,2
CIT_12286,2
CIT_4643,2
CIT_13305,2
CIT_19655,2
CIT_1916,2
CIT_12677,2
CIT_13378,2
CIT_8648,2
CIT_19406,2
CIT_6616,2
CIT_4838,2
CIT_4003,2
CIT_1090,2
CIT_5823,2
CIT_6466,2
CIT_4522,2
CIT_3348,2
CIT_2729,2
CIT_5403,2
CIT_6166,2
CIT_14214,2
CIT_18548,2
CIT_8169,2
CIT_2309,2
CIT_7501,2
CIT_7320,2
CIT_8328,2
CIT_18962,2
CIT_1548,2
CIT_17613,2
CIT_12360,2
CIT_8887,2
CIT_11760,2
CIT_18783,2
CIT_18019,2
CIT_2153,2
CIT_8673,2
CIT_13695,2
CIT_17279,2
CIT_5356,2
CIT_0230,2
CIT_8354,2
CIT_5053,2
CIT_8347,2
CIT_4498,2
CIT_4683,2
CIT_8605,2
CIT_11897,2
CIT_8417,2
CIT_1918,2
CIT_10150,2
CIT_8991,2
CIT_17748,2
CIT_13068,2
CIT_16943,2
CIT_10810,2
CIT_0594,2
CIT_19123,2
CIT_18793,2
CIT_11857,2
CIT_1498,2
CIT_12324,2
CIT_5762,2
CIT_10318,2
CIT_6961,2
CIT_6417,2
CIT_5902,2
CIT_15339,2
CIT_5057,2
CIT_19647,2
CIT_8294,2
CIT_6394,2
CIT_14851,2
CIT_18598,2
CIT_1748,2
CIT_8687,2
CIT_11974,2
CIT_10047,2
CIT_14917,2
CIT_17226,2
CIT_4585,2
CIT_6788,2
CIT_5161,2
CIT_17522,2
CIT_9720,2
CIT_0410,2
CIT_3774,2
CIT_9666,2
CIT_14780,2
CIT_13726,2
CIT_17966,2
CIT_12040,2
CIT_14596,2
CIT_6952,2
CIT_8467,2
CIT_9361,2
CIT_17283,2
CIT_18156,2
CIT_10529,2
CIT_16674,2
CIT_19656,2
CIT_5857,2
CIT_0281,2
CIT_0180,2
CIT_4866,2
CIT_2805,2
CIT_7722,2
CIT_4533,2
CIT_3132,2
CIT_3314,2
CIT_13111,2
CIT_5522,2
CIT_5321,2
CIT_17299,2
CIT_17880,2
CIT_5853,2
CIT_6757,2
CIT_9039,2
CIT_16449,2
CIT_3648,2
CIT_8418,2
CIT_18347,2
CIT_4401,2
CIT_13787,2
CIT_11463,2
CIT_17103,2
CIT_7093,2
CIT_12948,2
CIT_11467,2
CIT_5907,2
CIT_8487,2
CIT_13995,2
CIT_9341,2
CIT_18158,2
CIT_18811,2
CIT_17282,2
CIT_16408,2
CIT_12346,2
CIT_15755,2
CIT_13540,2
CIT_4845,2
CIT_7366,2
CIT_7899,2
CIT_5991,2
CIT_13751,2
CIT_1792,2
CIT_5612,2
CIT_11895,2
CIT_17589,2
CIT_4045,2
CIT_8025,2
CIT_9682,2
CIT_8660,2
CIT_2630,2
CIT_3061,2
CIT_12331,2
CIT_15617,2
CIT_16631,2
CIT_10675,2
CIT_17281,2
CIT_10863,2
CIT_13644,2
CIT_6420,2
CIT_18245,2
CIT_11722,2
CIT_18572,2
CIT_9075,2
CIT_9792,2
CIT_18484,2
CIT_8355,2
CIT_4430,2
CIT_0084,2
CIT_12477,2
CIT_2112,2
CIT_14510,2
CIT_18807,2
CIT_0152,2
CIT_8112,2
CIT_5308,2
CIT_6945,2
CIT_8925,2
CIT_7669,2
CIT_7272,2
CIT_8276,2
CIT_3753,2
CIT_19181,2
CIT_3113,2
CIT_10906,2
CIT_10026,2
CIT_10571,2
CIT_8770,2
CIT_15123,2
CIT_5192,2
CIT_0727,2
CIT_19311,2
CIT_19498,2
CIT_9202,2
CIT_12063,2
CIT_6761,2
CIT_10066,2
CIT_17387,2
CIT_18641,2
CIT_8659,2
CIT_4271,2
CIT_14160,2
CIT_18166,2
CIT_7117,2
CIT_2285,2
CIT_16966,2
CIT_2823,2
CIT_13070,2
CIT_9401,2
CIT_17783,2
CIT_19055,2
CIT_1647,2
CIT_2089,2
CIT_14989,2
CIT_16617,2
CIT_18850,2
CIT_5267,2
CIT_13319,2
CIT_8771,2
CIT_17708,2
CIT_3880,2
CIT_10786,2
CIT_5872,2
CIT_11975,2
CIT_1957,2
CIT_1582,2
CIT_11712,2
CIT_6169,2
CIT_9559,2
CIT_4987,2
CIT_5318,2
CIT_11201,2
CIT_12885,2
CIT_6834,2
CIT_16062,2
CIT_0610,2
CIT_5158,2
CIT_6329,2
CIT_9705,2
CIT_9027,2
CIT_11734,2
CIT_8869,2
CIT_1846,2
CIT_18500,2
CIT_9441,2
CIT_17142,2
CIT_7959,2
CIT_17941,2
CIT_8711,2
CIT_5989,2
CIT_9783,2
CIT_3788,2
CIT_5591,2
CIT_1153,2
CIT_2892,2
CIT_5855,2
CIT_13342,2
CIT_18882,2
CIT_3975,2
CIT_0705,2
CIT_9604,2
CIT_17796,2
CIT_12624,2
CIT_10858,2
CIT_7847,2
CIT_19378,2
CIT_5311,2
CIT_1381,2
CIT_9077,2
CIT_18065,2
CIT_1344,2
CIT_14117,2
CIT_15052,2
CIT_12343,2
CIT_10737,2
CIT_11780,2
CIT_7234,2
CIT_6250,2
CIT_0525,2
CIT_14588,2
CIT_13698,2
CIT_18129,2
CIT_4041,2
CIT_17307,2
CIT_13447,2
CIT_10827,2
CIT_0857,2
CIT_7524,2
CIT_3628,2
CIT_8048,2
CIT_7549,2
CIT_4228,2
CIT_3579,2
CIT_4735,2
CIT_4739,2
CIT_18123,2
CIT_5104,2
CIT_1320,2
CIT_4770,2
CIT_10077,2
CIT_11218,2
CIT_16515,2
CIT_17519,2
CIT_18996,2
CIT_14378,2
CIT_15686,2
CIT_0544,2
CIT_14107,2
CIT_7084,2
CIT_0392,2
CIT_6235,2
CIT_11828,2
CIT_9647,2
CIT_14880,2
CIT_4174,2
CIT_0973,2
CIT_10009,2
CIT_13415,2
CIT_14415,2
CIT_10765,2
CIT_11710,2
CIT_17956,2
CIT_0542,2
CIT_12951,2
CIT_17415,2
CIT_0341,2
CIT_1480,2
CIT_9014,2
CIT_9704,2
CIT_7979,2
CIT_10118,2
CIT_17621,2
CIT_18803,2
CIT_3678,2
CIT_1370,2
CIT_5438,2
CIT_17923,2
CIT_18112,2
CIT_9836,2
CIT_10942,2
CIT_5752,2
CIT_2741,2
CIT_18526,2
CIT_16849,2
CIT_3297,2
CIT_15372,2
CIT_9288,2
CIT_12561,2
CIT_12208,2
CIT_1290,2
CIT_11493,2
CIT_12233,2
CIT_7457,2
CIT_13775,2
CIT_17147,2
CIT_18474,2
CIT_0890,2
CIT_16149,2
CIT_14574,2
CIT_0481,2
CIT_5689,2
CIT_7445,2
CIT_9784,2
CIT_0730,2
CIT_8620,2
CIT_14484,2
CIT_7265,2
CIT_18900,2
CIT_13789,2
CIT_4850,2
CIT_0745,2
CIT_10555,2
CIT_6601,2
CIT_7427,2
CIT_14717,2
CIT_15799,2
CIT_0015,2
CIT_2909,2
CIT_13681,2
CIT_0790,2
CIT_6863,2
CIT_1323,2
CIT_0339,2
CIT_7048,2
CIT_9839,2
CIT_15591,2
CIT_4727,2
CIT_10231,2
CIT_1373,2
CIT_7473,2
CIT_7796,2
CIT_1966,2
CIT_3141,2
CIT_3386,2
CIT_7547,2
CIT_1469,2
CIT_16060,2
CIT_8245,2
CIT_3385,2
CIT_18182,2
CIT_10864,2
CIT_9080,2
CIT_3716,2
CIT_15552,2
CIT_14864,2
CIT_11512,2
CIT_12301,2
CIT_7743,2
CIT_14935,2
CIT_11694,2
CIT_4700,2
CIT_7315,2
CIT_7667,2
CIT_12915,2
CIT_16224,2
CIT_0361,2
CIT_15185,2
CIT_13828,2
CIT_5826,2
CIT_11485,2
CIT_0721,2
CIT_11781,2
CIT_2894,2
CIT_19194,2
CIT_14036,2
CIT_4128,2
CIT_7189,2
CIT_2049,2
CIT_9528,2
CIT_0598,2
CIT_8311,2
CIT_1563,2
CIT_0583,2
CIT_0614,2
CIT_18020,2
CIT_10560,2
CIT_0729,2
CIT_15080,2
CIT_3308,2
CIT_6124,2
CIT_9930,2
CIT_10792,2
CIT_6114,2
CIT_11893,2
CIT_1664,2
CIT_9380,2
CIT_19678,2
CIT_17221,2
CIT_10247,2
CIT_6332,2
CIT_9714,2
CIT_8372,2
CIT_13112,2
CIT_6103,2
CIT_2301,2
CIT_13685,2
CIT_16355,2
CIT_16412,2
CIT_12619,2
CIT_12845,2
CIT_0205,2
CIT_9038,2
CIT_13894,2
CIT_11372,2
CIT_0391,2
CIT_18139,2
CIT_16961,2
CIT_5073,2
CIT_19345,2
CIT_15098,2
CIT_12431,2
CIT_13546,2
CIT_7199,2
CIT_6608,2
CIT_12381,2
CIT_2580,2
CIT_15359,2
CIT_11604,2
CIT_18890,2
CIT_10479,2
CIT_12259,2
CIT_9624,2
CIT_6854,2
CIT_6833,2
CIT_16101,2
CIT_6895,2
CIT_1000,2
CIT_15047,2
CIT_3666,2
CIT_17658,2
CIT_1963,2
CIT_1292,2
CIT_11768,2
CIT_6447,2
CIT_17189,2
CIT_0485,2
CIT_15465,2
CIT_18907,2
CIT_5887,2
CIT_14979,2
CIT_15950,2
CIT_4968,2
CIT_12601,2
CIT_5770,2
CIT_9990,2
CIT_10430,2
CIT_12285,2
CIT_12165,2
CIT_10049,2
CIT_10852,2
CIT_5641,2
CIT_11222,2
CIT_17331,2
CIT_14652,2
CIT_7296,2
CIT_8105,2
CIT_3352,2
CIT_13767,2
CIT_18377,2
CIT_8527,2
CIT_7114,2
CIT_6151,2
CIT_4642,2
CIT_11022,2
CIT_13243,2
CIT_19214,2
CIT_0353,2
CIT_18696,2
CIT_17586,2
CIT_1375,2
CIT_14471,2
CIT_18823,2
CIT_3312,2
CIT_7767,2
CIT_17213,2
CIT_7497,2
CIT_10544,2
CIT_13757,2
CIT_9251,2
CIT_10896,2
CIT_7903,2
CIT_8238,2
CIT_7099,2
CIT_0816,2
CIT_5238,2
CIT_18183,2
CIT_18760,2
CIT_18356,2
CIT_18034,2
CIT_11925,2
CIT_0100,2
CIT_6789,2
CIT_15925,2
CIT_15875,2
CIT_0263,2
CIT_1451,2
CIT_0984,2
CIT_10807,2
CIT_13101,2
CIT_1588,2
CIT_11696,2
CIT_3763,2
CIT_17236,2
CIT_3813,2
CIT_10518,2
CIT_1495,2
CIT_10945,2
CIT_14339,2
CIT_17359,2
CIT_12740,2
CIT_4865,2
CIT_7393,2
CIT_2317,2
CIT_19371,2
CIT_1917,2
CIT_8265,2
CIT_14416,2
CIT_16539,2
CIT_15176,2
CIT_5646,2
CIT_7532,2
CIT_1293,2
CIT_13056,2
CIT_6717,2
CIT_16953,2
CIT_16789,2
CIT_9907,2
CIT_14659,2
CIT_0424,2
CIT_3191,2
CIT_16985,2
CIT_17455,2
CIT_0398,2
CIT_8131,2
CIT_14091,2
CIT_11078,2
CIT_9541,2
CIT_18432,2
CIT_1241,2
CIT_3701,2
CIT_3690,2
CIT_19103,2
CIT_8893,2
CIT_19224,2
CIT_14726,2
CIT_2962,2
CIT_19130,2
CIT_2017,2
CIT_6185,2
CIT_18946,2
CIT_3012,2
CIT_4226,2
CIT_13530,2
CIT_1988,2
CIT_8788,2
CIT_2588,2
CIT_14087,2
CIT_13608,2
CIT_11985,2
CIT_4673,2
CIT_18899,2
CIT_7779,2
CIT_15984,2
CIT_17515,2
CIT_19632,2
CIT_13601,2
CIT_3584,2
CIT_7563,2
CIT_1633,2
CIT_15696,2
CIT_16495,2
CIT_15153,2
CIT_9024,2
CIT_7417,2
CIT_0543,2
CIT_13234,2
CIT_13014,2
CIT_16327,2
CIT_8951,2
CIT_7421,2
CIT_8462,2
CIT_6685,2
CIT_3258,2
CIT_13742,2
CIT_11000,2
CIT_14072,2
CIT_7344,2
CIT_8868,2
CIT_19598,2
CIT_1671,2
CIT_6054,2
CIT_1555,2
CIT_14706,2
CIT_0381,2
CIT_11098,2
CIT_19197,2
CIT_14420,2
CIT_0197,2
CIT_7568,2
CIT_14988,2
CIT_3826,2
CIT_4589,2
CIT_18787,2
CIT_5050,2
CIT_16246,2
CIT_16528,2
CIT_8926,2
CIT_5499,2
CIT_9855,2
CIT_2923,2
CIT_2585,2
CIT_6797,2
CIT_9577,2
CIT_14999,2
CIT_15645,2
CIT_7611,2
CIT_2719,2
CIT_1938,2
CIT_11344,2
CIT_17287,2
CIT_18181,2
CIT_19447,2
CIT_8507,2
CIT_18465,2
CIT_15998,2
CIT_10386,2
CIT_8440,2
CIT_17250,2
CIT_3728,2
CIT_15006,2
CIT_14646,2
CIT_3289,2
CIT_15172,2
CIT_10162,2
CIT_0464,2
CIT_5643,2
CIT_1894,2
CIT_1933,2
CIT_18673,2
CIT_5998,2
CIT_11482,2
CIT_0814,2
CIT_3214,2
CIT_14504,2
CIT_11652,2
CIT_1439,2
CIT_13181,2
CIT_12980,2
CIT_2176,2
CIT_5844,2
CIT_0268,2
CIT_4538,2
CIT_8049,2
CIT_14602,2
CIT_9191,2
CIT_5957,2
CIT_19072,2
CIT_10671,2
CIT_1499,2
CIT_13694,2
CIT_19418,2
CIT_17754,2
CIT_13725,2
CIT_19400,2
CIT_6950,2
CIT_17257,2
CIT_16293,2
CIT_14428,2
CIT_18291,2
CIT_13758,2
CIT_16315,2
CIT_6582,2
CIT_12347,2
CIT_11811,2
CIT_9732,2
CIT_17077,2
CIT_2200,2
CIT_16752,2
CIT_0923,2
CIT_7147,2
CIT_19187,2
CIT_10815,2
CIT_2348,2
CIT_9763,2
CIT_13299,2
CIT_18452,2
CIT_18478,2
CIT_2195,2
CIT_2420,2
CIT_9931,2
CIT_1719,2
CIT_10504,2
CIT_11212,2
CIT_0463,2
CIT_0795,2
CIT_2489,2
CIT_2344,2
CIT_4391,2
CIT_7356,2
CIT_1417,2
CIT_13170,2
CIT_19249,2
CIT_10484,2
CIT_11047,2
CIT_0620,2
CIT_17903,2
CIT_0279,2
CIT_17501,2
CIT_13980,2
CIT_8212,2
CIT_12814,2
CIT_12510,2
CIT_18073,2
CIT_6500,2
CIT_9512,2
CIT_4109,2
CIT_8846,2
CIT_12973,2
CIT_8746,2
CIT_19519,2
CIT_18739,2
CIT_18697,2
CIT_7790,2
CIT_7537,2
CIT_10428,2
CIT_14883,2
CIT_10169,2
CIT_10323,2
CIT_3636,2
CIT_1106,2
CIT_1655,2
CIT_0749,2
CIT_9308,2
CIT_11117,2
CIT_6842,2
CIT_6548,2
CIT_5716,2
CIT_12978,2
CIT_1235,2
CIT_9171,2
CIT_6699,2
CIT_10275,2
CIT_2518,2
CIT_17267,2
CIT_10951,2
CIT_7827,2
CIT_8981,2
CIT_4483,2
CIT_2956,2
CIT_13069,2
CIT_17049,2
CIT_10030,2
CIT_7004,2
CIT_19574,2
CIT_4179,2
CIT_15865,2
CIT_10929,2
CIT_8228,2
CIT_18841,2
CIT_0778,2
CIT_14761,2
CIT_10138,2
CIT_8765,2
CIT_10125,2
CIT_13145,2
CIT_1458,2
CIT_9749,2
CIT_2717,2
CIT_3029,2
CIT_6430,2
CIT_12472,2
CIT_7920,2
CIT_1329,2
CIT_15629,2
CIT_5836,2
CIT_16574,2
CIT_12023,2
CIT_15439,2
CIT_10338,2
CIT_16076,2
CIT_14372,2
CIT_16808,2
CIT_17855,2
CIT_13429,2
CIT_5250,2
CIT_19141,2
CIT_3153,2
CIT_4882,2
CIT_3210,2
CIT_9129,2
CIT_4704,2
CIT_15242,2
CIT_9962,2
CIT_14217,2
CIT_0069,2
CIT_13875,2
CIT_3041,2
CIT_9193,2
CIT_9804,2
CIT_19301,2
CIT_9840,2
CIT_18120,2
CIT_12363,2
CIT_5545,2
CIT_13441,2
CIT_9254,2
CIT_0370,2
CIT_15333,2
CIT_16513,2
CIT_5562,2
CIT_7064,2
CIT_17211,2
CIT_6851,2
CIT_8318,2
CIT_15635,2
CIT_5287,2
CIT_8813,2
CIT_11219,2
CIT_15223,2
CIT_7110,2
CIT_3010,2
CIT_7576,2
CIT_5045,2
CIT_3242,2
CIT_4471,2
CIT_15943,2
CIT_11057,2
CIT_8315,2
CIT_4561,2
CIT_1674,2
CIT_0224,2
CIT_18355,2
CIT_15031,2
CIT_1143,2
CIT_9373,2
CIT_7940,2
CIT_18147,2
CIT_8429,2
CIT_14451,2
CIT_4350,2
CIT_13788,2
CIT_9722,2
CIT_18002,2
CIT_16251,2
CIT_18567,2
CIT_8852,2
CIT_5214,2
CIT_5020,2
CIT_2069,2
CIT_4363,2
CIT_7465,2
CIT_15106,2
CIT_7401,2
CIT_1595,2
CIT_3311,2
CIT_4142,2
CIT_0967,2
CIT_2765,2
CIT_0163,2
CIT_10071,2
CIT_18569,2
CIT_13064,2
CIT_0376,2
CIT_10336,2
CIT_5979,2
CIT_15747,2
CIT_9050,2
CIT_11549,2
CIT_14811,2
CIT_19240,2
CIT_1119,2
CIT_13051,2
CIT_8400,2
CIT_18173,2
CIT_7019,2
CIT_13115,2
CIT_7831,2
CIT_2362,2
CIT_13468,2
CIT_12368,2
CIT_14280,2
CIT_9487,2
CIT_12781,2
CIT_12813,2
CIT_18371,2
CIT_16915,2
CIT_4485,2
CIT_4749,2
CIT_8549,2
CIT_10803,2
CIT_1259,2
CIT_9683,2
CIT_8436,2
CIT_0317,2
CIT_12405,2
CIT_10652,2
CIT_8615,2
CIT_16894,2
CIT_1093,2
CIT_17033,2
CIT_19403,2
CIT_2323,2
CIT_1355,2
CIT_16661,2
CIT_3578,2
CIT_9638,2
CIT_12537,2
CIT_1108,2
CIT_18345,2
CIT_0294,2
CIT_8378,2
CIT_13341,2
CIT_19413,2
CIT_2100,2
CIT_16127,2
CIT_14644,2
CIT_3756,2
CIT_19437,2
CIT_13192,2
CIT_5849,2
CIT_7034,2
CIT_4559,2
CIT_0955,2
CIT_2364,2
CIT_19551,2
CIT_17512,2
CIT_5630,2
CIT_11958,2
CIT_15521,2
CIT_11838,2
CIT_7112,2
CIT_10171,2
CIT_3070,2
CIT_17707,2
CIT_11704,2
CIT_8949,2
CIT_11308,2
CIT_7966,2
CIT_6752,2
CIT_10451,2
CIT_5371,2
CIT_16283,2
CIT_8055,2
CIT_8698,2
CIT_16147,2
CIT_12828,2
CIT_1668,2
CIT_3911,2
CIT_19402,2
CIT_14016,2
CIT_4818,2
CIT_7573,2
CIT_12720,2
CIT_3039,2
CIT_3353,2
CIT_1363,2
CIT_9560,2
CIT_16247,2
CIT_4975,2
CIT_7269,2
CIT_12222,2
CIT_5206,2
CIT_14029,2
CIT_11275,2
CIT_11411,2
CIT_14557,2
CIT_19405,2
CIT_7828,2
CIT_6423,2
CIT_16493,2
CIT_10800,2
CIT_2306,2
CIT_6772,2
CIT_0172,2
CIT_4647,2
CIT_2569,2
CIT_3970,2
CIT_1175,2
CIT_5779,2
CIT_5327,2
CIT_15468,2
CIT_19015,2
CIT_11495,2
CIT_19132,2
CIT_3791,2
CIT_1154,2
CIT_14820,2
CIT_8246,2
CIT_10129,2
CIT_11772,2
CIT_3232,2
CIT_17736,2
CIT_17341,2
CIT_4266,2
CIT_13923,2
CIT_13092,2
CIT_0137,2
CIT_9843,2
CIT_5816,2
CIT_2401,2
CIT_8689,2
CIT_14277,2
CIT_7260,2
CIT_15319,2
CIT_6672,2
CIT_5740,2
CIT_7877,2
CIT_10065,2
CIT_14802,2
CIT_2960,2
CIT_14987,2
CIT_1571,2
CIT_6971,2
CIT_0710,2
CIT_19530,2
CIT_2221,2
CIT_16745,2
CIT_1343,2
CIT_10274,2
CIT_10903,2
CIT_10854,2
CIT_14520,2
CIT_5483,2
CIT_11342,2
CIT_6577,2
CIT_10501,2
CIT_7672,2
CIT_16326,2
CIT_12787,2
CIT_8933,2
CIT_15051,2
CIT_3176,2
CIT_8505,2
CIT_13114,2
CIT_6435,2
CIT_9434,2
CIT_0636,2
CIT_14265,2
CIT_11096,2
CIT_7221,2
CIT_19444,2
CIT_14804,2
CIT_13109,2
CIT_2048,2
CIT_2026,2
CIT_10180,2
CIT_10704,2
CIT_15842,2
CIT_6254,2
CIT_12555,2
CIT_11846,2
CIT_6758,2
CIT_15289,2
CIT_15214,2
CIT_13098,2
CIT_1486,2
CIT_16518,2
CIT_8653,2
CIT_6181,2
CIT_7612,2
CIT_14407,2
CIT_15939,2
CIT_6617,2
CIT_10532,2
CIT_1063,2
CIT_14900,2
CIT_10134,2
CIT_8198,2
CIT_0732,2
CIT_3928,2
CIT_19038,2
CIT_2849,2
CIT_4230,2
CIT_19002,2
CIT_7721,2
CIT_10924,2
CIT_14888,2
CIT_0841,2
CIT_15101,2
CIT_1665,2
CIT_14808,2
CIT_7610,2
CIT_13147,2
CIT_13430,2
CIT_14794,2
CIT_0785,2
CIT_4528,2
CIT_7590,2
CIT_7924,2
CIT_4799,2
CIT_6693,2
CIT_14806,2
CIT_10121,2
CIT_0640,2
CIT_19576,2
CIT_12718,2
CIT_11026,2
CIT_18099,2
CIT_2996,2
CIT_1427,2
CIT_3184,2
CIT_7334,2
CIT_14518,2
CIT_15654,2
CIT_4957,2
CIT_16216,2
CIT_13437,2
CIT_4698,2
CIT_18084,2
CIT_16025,2
CIT_18054,2
CIT_9160,2
CIT_9182,2
CIT_1067,2
CIT_16116,2
CIT_19034,2
CIT_2873,2
CIT_12064,2
CIT_0629,2
CIT_14321,2
CIT_6720,2
CIT_1954,2
CIT_9331,2
CIT_2874,2
CIT_7125,2
CIT_3225,2
CIT_7446,2
CIT_18690,2
CIT_17303,2
CIT_18792,2
CIT_9889,2
CIT_17105,2
CIT_2080,2
CIT_14665,2
CIT_8264,2
CIT_15404,2
CIT_8275,2
CIT_14483,2
CIT_10363,2
CIT_11322,2
CIT_7326,2
CIT_8630,2
CIT_16367,2
CIT_6784,2
CIT_12704,2
CIT_1791,2
CIT_0449,2
CIT_13740,2
CIT_6270,2
CIT_6360,2
CIT_5375,2
CIT_11927,2
CIT_19612,2
CIT_10776,2
CIT_7674,2
CIT_11062,2
CIT_8724,2
CIT_14954,2
CIT_4336,2
CIT_5737,2
CIT_5369,2
CIT_6283,2
CIT_11816,2
CIT_12737,2
CIT_6217,2
CIT_9044,2
CIT_8849,2
CIT_18089,2
CIT_14711,2
CIT_13001,2
CIT_2099,2
CIT_17756,2
CIT_18976,2
CIT_3979,2
CIT_3057,2
CIT_13244,2
CIT_6832,2
CIT_0330,2
CIT_17955,2
CIT_1455,2
CIT_13983,2
CIT_4082,2
CIT_0285,2
CIT_5022,2
CIT_12649,2
CIT_14757,2
CIT_17284,2
CIT_0255,2
CIT_17265,2
CIT_19262,2
CIT_17124,2
CIT_10923,2
CIT_12300,2
CIT_9493,2
CIT_13355,2
CIT_9021,2
CIT_0226,2
CIT_13348,2
CIT_6013,2
CIT_11649,2
CIT_19601,2
CIT_2611,2
CIT_16932,2
CIT_12438,2
CIT_3183,2
CIT_8352,2
CIT_19126,2
CIT_5259,2
CIT_5797,2
CIT_3743,2
CIT_2095,2
CIT_2060,2
CIT_16993,2
CIT_1226,2
CIT_7774,2
CIT_16697,2
CIT_11481,2
CIT_4546,2
CIT_4335,2
CIT_4040,2
CIT_14413,2
CIT_7211,2
CIT_14817,2
CIT_16533,2
CIT_10165,2
CIT_0874,2
CIT_9984,2
CIT_15820,2
CIT_7855,2
CIT_16067,2
CIT_18780,2
CIT_16380,2
CIT_2797,2
CIT_18370,2
CIT_2024,2
CIT_19176,2
CIT_8761,2
CIT_7090,2
CIT_9346,2
CIT_10901,2
CIT_7803,2
CIT_1713,2
CIT_12912,2
CIT_10992,2
CIT_1691,2
CIT_19332,2
CIT_9706,2
CIT_14546,2
CIT_2959,2
CIT_1021,2
CIT_8903,2
CIT_19654,2
CIT_16212,2
CIT_3530,2
CIT_10094,2
CIT_13448,2
CIT_17632,2
CIT_16222,2
CIT_15900,2
CIT_10990,2
CIT_11701,2
CIT_6168,2
CIT_14614,2
CIT_16929,2
CIT_7937,2
CIT_14207,2
CIT_10642,2
CIT_7695,2
CIT_12570,2
CIT_1969,2
CIT_11418,2
CIT_3493,2
CIT_5459,2
CIT_14991,2
CIT_4564,2
CIT_19058,2
CIT_13872,2
CIT_7113,2
CIT_13223,2
CIT_14314,2
CIT_14692,2
CIT_14612,2
CIT_9854,2
CIT_5278,2
CIT_0703,2
CIT_10314,2
CIT_10948,2
CIT_16920,2
CIT_4525,2
CIT_8387,2
CIT_18952,2
CIT_7494,2
CIT_15718,2
CIT_15491,2
CIT_3491,2
CIT_9278,2
CIT_9842,2
CIT_2641,2
CIT_16016,2
CIT_14593,2
CIT_1112,2
CIT_4099,2
CIT_1772,2
CIT_8730,2
CIT_15376,2
CIT_15011,2
CIT_4151,2
CIT_14853,2
CIT_7428,2
CIT_6516,2
CIT_17223,2
CIT_12838,2
CIT_1159,2
CIT_9856,2
CIT_11994,2
CIT_6762,2
CIT_16978,2
CIT_17416,2
CIT_18896,2
CIT_10122,2
CIT_3923,2
CIT_10409,2
CIT_2495,2
CIT_2527,2
CIT_16959,2
CIT_7760,2
CIT_9645,2
CIT_8697,2
CIT_10099,2
CIT_8748,2
CIT_14834,2
CIT_15460,2
CIT_0643,2
CIT_9684,2
CIT_15471,2
CIT_15518,2
CIT_17332,2
CIT_15316,2
CIT_15038,2
CIT_14641,2
CIT_15972,2
CIT_13149,2
CIT_3193,2
CIT_5575,2
CIT_2171,2
CIT_16415,2
CIT_1222,2
CIT_14826,2
CIT_13431,2
CIT_13997,2
CIT_8313,2
CIT_7024,2
CIT_10857,2
CIT_9822,2
CIT_1213,2
CIT_19368,2
CIT_14960,2
CIT_9461,2
CIT_18196,2
CIT_1332,2
CIT_16031,2
CIT_18203,2
CIT_9422,2
CIT_5301,2
CIT_2215,2
CIT_2862,2
CIT_1173,2
CIT_10658,2
CIT_4641,2
CIT_11081,2
CIT_9228,2
CIT_10551,2
CIT_17409,2
CIT_18437,2
CIT_2165,2
CIT_13568,2
CIT_0064,2
CIT_10217,2
CIT_7277,2
CIT_19185,2
CIT_6889,2
CIT_9200,2
CIT_0459,2
CIT_11014,2
CIT_18198,2
CIT_18016,2
CIT_4919,2
CIT_6640,2
CIT_7789,2
CIT_18969,2
CIT_8319,2
CIT_14102,2
CIT_4234,2
CIT_2652,2
CIT_13375,2
CIT_13930,2
CIT_18417,2
CIT_9579,2
CIT_6804,2
CIT_7987,2
CIT_7407,2
CIT_9617,2
CIT_0527,2
CIT_1216,2
CIT_14867,2
CIT_1807,2
CIT_6641,2
CIT_10209,2
CIT_5007,2
CIT_6255,2
CIT_16418,2
CIT_10178,2
CIT_9429,2
CIT_19487,2
CIT_17528,2
CIT_3859,2
CIT_1199,2
CIT_6061,2
CIT_18046,2
CIT_17192,2
CIT_15751,2
CIT_19496,2
CIT_7912,2
CIT_5142,2
CIT_0378,2
CIT_13038,2
CIT_0047,2
CIT_8718,2
CIT_3482,2
CIT_1728,2
CIT_19412,2
CIT_3417,2
CIT_11914,2
CIT_18289,2
CIT_17742,2
CIT_9145,2
CIT_10866,2
CIT_13389,2
CIT_16638,2
CIT_3196,2
CIT_9877,2
CIT_3000,2
CIT_11683,2
CIT_0369,2
CIT_6460,2
CIT_0786,2
CIT_0018,2
CIT_14365,2
CIT_13883,2
CIT_11972,2
CIT_5640,2
CIT_4215,2
CIT_11157,2
CIT_14798,2
CIT_13925,2
CIT_6841,2
CIT_18326,2
CIT_16115,2
CIT_11378,2
CIT_13058,2
CIT_9956,2
CIT_8468,2
CIT_15299,2
CIT_1692,2
CIT_18306,2
CIT_8323,2
CIT_2764,2
CIT_4173,2
CIT_2074,2
CIT_16442,2
CIT_16683,2
CIT_14476,2
CIT_0701,2
CIT_19041,2
CIT_8775,2
CIT_0517,2
CIT_7890,2
CIT_12870,2
CIT_11833,2
CIT_19121,2
CIT_3708,2
CIT_6428,2
CIT_17577,2
CIT_14831,2
CIT_0560,2
CIT_17432,2
CIT_12344,2
CIT_8489,2
CIT_0031,2
CIT_7768,2
CIT_5723,2
CIT_9562,2
CIT_11901,2
CIT_2916,2
CIT_14355,2
CIT_13615,2
CIT_6243,2
CIT_7268,2
CIT_13474,2
CIT_18379,2
CIT_9006,2
CIT_17918,2
CIT_18333,2
CIT_8086,2
CIT_10439,2
CIT_13877,2
CIT_1244,2
CIT_2183,2
CIT_18170,2
CIT_16796,2
CIT_5394,2
CIT_4783,2
CIT_11599,2
CIT_9335,2
CIT_11581,2
CIT_7153,2
CIT_9810,2
CIT_13971,2
CIT_15361,2
CIT_3075,2
CIT_13029,2
CIT_8161,2
CIT_17093,2
CIT_1474,2
CIT_5680,2
CIT_9086,2
CIT_10405,2
CIT_12142,2
CIT_10280,2
CIT_11061,2
CIT_12886,2
CIT_9844,2
CIT_7593,2
CIT_8842,2
CIT_2147,2
CIT_17413,2
CIT_12143,2
CIT_12244,2
CIT_6501,2
CIT_15817,2
CIT_4171,2
CIT_1638,2
CIT_9834,2
CIT_15164,2
CIT_2415,2
CIT_13350,2
CIT_2063,2
CIT_8927,2
CIT_4371,2
CIT_11009,2
CIT_1111,2
CIT_0512,2
CIT_15145,2
CIT_10476,2
CIT_18131,2
CIT_10531,2
CIT_1488,2
CIT_7471,2
CIT_4316,2
CIT_1641,2
CIT_3652,2
CIT_5347,2
CIT_2407,2
CIT_13451,2
CIT_7087,2
CIT_7906,2
CIT_16948,2
CIT_7776,2
CIT_0764,2
CIT_2386,2
CIT_7433,2
CIT_4175,2
CIT_1989,2
CIT_18308,2
CIT_9499,2
CIT_2005,2
CIT_17564,2
CIT_4351,2
CIT_18623,2
CIT_5254,2
CIT_8222,2
CIT_13797,2
CIT_5674,2
CIT_16743,2
CIT_16937,2
CIT_11961,2
CIT_11736,2
CIT_10678,2
CIT_14950,2
CIT_12858,2
CIT_9692,2
CIT_10073,2
CIT_14561,2
CIT_3679,2
CIT_12765,2
CIT_15528,2
CIT_8776,2
CIT_11870,2
CIT_3977,2
CIT_18556,2
CIT_14067,2
CIT_11645,2
CIT_5526,2
CIT_17717,2
CIT_9454,2
CIT_4455,2
CIT_7830,2
CIT_4560,2
CIT_0223,2
CIT_10190,2
CIT_17238,2
CIT_12940,2
CIT_13131,2
CIT_18894,2
CIT_12054,2
CIT_5613,2
CIT_11506,2
CIT_13622,2
CIT_0217,2
CIT_17610,2
CIT_14812,2
CIT_10432,2
CIT_2884,2
CIT_5129,2
CIT_13422,2
CIT_8780,2
CIT_11256,2
CIT_8475,2
CIT_12645,2
CIT_12968,2
CIT_13498,2
CIT_13371,2
CIT_7614,2
CIT_8164,2
CIT_6353,2
CIT_6783,2
CIT_15180,2
CIT_19457,2
CIT_2361,2
CIT_0926,2
CIT_17645,2
CIT_2952,2
CIT_5655,2
CIT_16569,2
CIT_14055,2
CIT_15664,2
CIT_19048,2
CIT_5718,2
CIT_5799,2
CIT_9201,2
CIT_4422,2
CIT_4822,2
CIT_7759,2
CIT_6989,2
CIT_8432,2
CIT_19648,2
CIT_7108,2
CIT_4092,2
CIT_9311,2
CIT_7982,2
CIT_14193,2
CIT_9534,2
CIT_14404,2
CIT_3855,2
CIT_15021,2
CIT_5458,2
CIT_11873,2
CIT_0494,2
CIT_14053,2
CIT_14918,2
CIT_19082,2
CIT_15183,2
CIT_11300,2
CIT_7148,2
CIT_13117,2
CIT_19515,2
CIT_3267,2
CIT_15641,2
CIT_10278,2
CIT_4897,2
CIT_13286,2
CIT_9900,2
CIT_15565,2
CIT_4543,2
CIT_12579,2
CIT_10130,2
CIT_5747,2
CIT_6311,2
CIT_10912,2
CIT_12243,2
CIT_3368,2
CIT_14453,2
CIT_7151,2
CIT_19340,2
CIT_15310,2
CIT_14878,2
CIT_18999,2
CIT_12160,2
CIT_15660,2
CIT_12584,2
CIT_7698,2
CIT_14071,2
CIT_9969,2
CIT_4789,2
CIT_18591,2
CIT_11447,2
CIT_3873,2
CIT_12647,2
CIT_16450,2
CIT_0196,2
CIT_8096,2
CIT_17151,2
CIT_12348,2
CIT_0526,2
CIT_13549,2
CIT_6881,2
CIT_0726,2
CIT_2581,2
CIT_7245,2
CIT_1345,2
CIT_11894,2
CIT_7394,2
CIT_5233,2
CIT_2544,2
CIT_8666,2
CIT_1357,2
CIT_6348,2
CIT_0666,2
CIT_8408,2
CIT_6910,2
CIT_1541,2
CIT_16997,2
CIT_4443,2
CIT_5103,2
CIT_4285,2
CIT_0315,2
CIT_0952,2
CIT_10119,2
CIT_3106,2
CIT_4161,2
CIT_3487,2
CIT_7453,2
CIT_0423,2
CIT_9971,2
CIT_0439,2
CIT_10593,2
CIT_10574,2
CIT_15674,2
CIT_8405,2
CIT_11934,2
CIT_1092,2
CIT_4280,2
CIT_1262,2
CIT_2443,2
CIT_4241,2
CIT_15064,2
CIT_7236,2
CIT_18105,2
CIT_17010,2
CIT_2178,2
CIT_14678,2
CIT_14746,2
CIT_15982,2
CIT_14770,2
CIT_10845,2
CIT_13955,2
CIT_6073,2
CIT_18534,2
CIT_2891,2
CIT_7041,2
CIT_12092,2
CIT_17414,2
CIT_15111,2
CIT_10024,2
CIT_7391,2
CIT_0192,2
CIT_2659,2
CIT_12129,2
CIT_6399,2
CIT_1168,2
CIT_17609,2
CIT_9137,2
CIT_4824,2
CIT_4617,2
CIT_2365,2
CIT_16956,2
CIT_14089,2
CIT_12379,2
CIT_2274,2
CIT_12194,2
CIT_19291,2
CIT_9168,2
CIT_13133,2
CIT_10816,2
CIT_19279,2
CIT_9114,2
CIT_3546,2
CIT_1101,2
CIT_6407,2
CIT_19092,2
CIT_16013,2
CIT_8905,2
CIT_15458,2
CIT_15639,2
CIT_5167,2
CIT_2742,2
CIT_6065,2
CIT_7787,2
CIT_6109,2
CIT_9540,2
CIT_17476,2
CIT_9438,2
CIT_16241,2
CIT_16499,2
CIT_4944,2
CIT_11951,2
CIT_19485,2
CIT_4150,2
CIT_9882,2
CIT_18022,2
CIT_6572,2
CIT_4338,2
CIT_14902,2
CIT_16516,2
CIT_5345,2
CIT_5879,2
CIT_3536,2
CIT_14542,2
CIT_15374,2
CIT_0910,2
CIT_15681,2
CIT_9034,2
CIT_6830,2
CIT_2822,2
CIT_16949,2
CIT_17964,2
CIT_9766,2
CIT_16023,2
CIT_0939,2
CIT_9124,2
CIT_12192,2
CIT_3260,2
CIT_9925,2
CIT_5044,2
CIT_15741,2
CIT_7222,2
CIT_16319,2
CIT_1263,2
CIT_13699,2
CIT_3202,2
CIT_10470,2
CIT_2197,2
CIT_5700,2
CIT_10619,2
CIT_18268,2
CIT_13880,2
CIT_18040,2
CIT_17081,2
CIT_1347,2
CIT_18515,2
CIT_17711,2
CIT_6416,2
CIT_10259,2
CIT_10442,2
CIT_8511,2
CIT_11074,2
CIT_14001,2
CIT_12563,2
CIT_14696,2
CIT_1398,2
CIT_3554,2
CIT_5793,2
CIT_15773,2
CIT_4566,2
CIT_8716,2
CIT_1353,2
CIT_5302,2
CIT_9888,2
CIT_7337,2
CIT_10497,2
CIT_14435,2
CIT_7382,2
CIT_19585,2
CIT_18834,2
CIT_1479,2
CIT_11180,2
CIT_14640,2
CIT_12512,2
CIT_19304,2
CIT_13079,2
CIT_12766,2
CIT_17423,2
CIT_8654,2
CIT_0639,2
CIT_14439,2
CIT_1060,2
CIT_5754,2
CIT_9245,2
CIT_7331,2
CIT_5821,2
CIT_7616,2
CIT_10848,2
CIT_16642,2
CIT_3425,2
CIT_16865,2
CIT_9729,2
CIT_16392,2
CIT_0637,2
CIT_10179,2
CIT_19263,2
CIT_15061,2
CIT_9903,2
CIT_18910,2
CIT_15329,2
CIT_11045,2
CIT_3379,2
CIT_4451,2
CIT_19045,2
CIT_0709,2
CIT_13560,2
CIT_17037,2
CIT_15756,2
CIT_17822,2
CIT_5382,2
CIT_16167,2
CIT_19615,2
CIT_15652,2
CIT_14445,2
CIT_12221,2
CIT_15560,2
CIT_11132,2
CIT_12854,2
CIT_10160,2
CIT_10976,2
CIT_2190,2
CIT_14447,2
CIT_8803,2
CIT_2733,2
CIT_15628,2
CIT_3864,2
CIT_5652,2
CIT_14259,2
CIT_12487,2
CIT_5219,2
CIT_10662,2
CIT_2346,2
CIT_5188,2
CIT_16763,2
CIT_13499,2
CIT_11548,2
CIT_14168,2
CIT_14316,2
CIT_18842,2
CIT_8658,2
CIT_0060,2
CIT_3330,2
CIT_17794,2
CIT_19102,2
CIT_7056,2
CIT_4556,2
CIT_4163,2
CIT_10813,2
CIT_17115,2
CIT_4379,2
CIT_8796,2
CIT_18401,2
CIT_19388,2
CIT_18659,2
CIT_14397,2
CIT_8183,2
CIT_1818,2
CIT_6230,2
CIT_13503,2
CIT_1802,2
CIT_12529,2
CIT_18791,2
CIT_12955,2
CIT_12900,2
CIT_0924,2
CIT_1238,2
CIT_5942,2
CIT_11775,2
CIT_10693,2
CIT_10837,2
CIT_12357,2
CIT_7351,2
CIT_5954,2
CIT_15981,2
CIT_4469,2
CIT_18635,2
CIT_5519,2
CIT_11511,2
CIT_2614,2
CIT_2601,2
CIT_3601,2
CIT_3355,2
CIT_13541,2
CIT_3484,2
CIT_6117,2
CIT_19380,2
CIT_15860,2
CIT_1515,2
CIT_14426,2
CIT_15073,2
CIT_12835,2
CIT_1542,2
CIT_1315,2
CIT_9776,2
CIT_0756,2
CIT_18912,2
CIT_5033,2
CIT_2326,2
CIT_1062,2
CIT_7658,2
CIT_12066,2
CIT_1107,2
CIT_2318,2
CIT_6074,2
CIT_15659,2
CIT_16061,2
CIT_17913,2
CIT_17666,2
CIT_1623,2
